word,type

абсолютно,188/adverb/D

абсурдно,188/adverb/D

авантюристично,188/adverb/D

автентично,188/adverb/D

автобиографично,188/adverb/D

автоматично,188/adverb/D

автономно,188/adverb/D

авторитетно,188/adverb/D

адекватно,188/adverb/D

алтруистично,188/adverb/D

амбициозно,188/adverb/D

амбулаторно,188/adverb/D

амфитеатрално,188/adverb/D

аналогично,188/adverb/D

анархистично,188/adverb/D

анатомично,188/adverb/D

анблок,188/adverb/D

анекдотично,188/adverb/D

анти,188/adverb/D

антипатично,188/adverb/D

антисептично,188/adverb/D

апетитно,188/adverb/D

апокрифно,188/adverb/D

аполитично,188/adverb/D

априорно,188/adverb/D

ароматично,188/adverb/D

ароматно,188/adverb/D

артистично,188/adverb/D

архаично,188/adverb/D

асиметрично,188/adverb/D

асорти,188/adverb/D

атеистично,188/adverb/D

атлетично,188/adverb/D

афористично,188/adverb/D

ашколсун,188/adverb/D

бамбашка,188/adverb/D

барабар,188/adverb/D

барем,188/adverb/D

басово,188/adverb/D

баш,188/adverb/D

башка,188/adverb/D

бая,188/adverb/D

бдително,188/adverb/D

бегло,188/adverb/D

бегом,188/adverb/D

бедствено,188/adverb/D

бежешката,188/adverb/D

бежешком,188/adverb/D

безапелационно,188/adverb/D

безбройно,188/adverb/D

безвкусно,188/adverb/D

безволно,188/adverb/D

безвъзвратно,188/adverb/D

безвъзмездно,188/adverb/D

безгласно,188/adverb/D

безгранично,188/adverb/D

безгрешно,188/adverb/D

бездейно,188/adverb/D

бездимно,188/adverb/D

бездруго,188/adverb/D

безжизнено,188/adverb/D

беззаветно,188/adverb/D

беззаконно,188/adverb/D

беззащитно,188/adverb/D

беззвучно,188/adverb/D

беззлобно,188/adverb/D

безизходно,188/adverb/D

безинтересно,188/adverb/D

безкомпромисно,188/adverb/D

безконечно,188/adverb/D

безконтролно,188/adverb/D

безкористно,188/adverb/D

безкрай,188/adverb/D

безкрайно,188/adverb/D

безкритично,188/adverb/D

безкръвно,188/adverb/D

безлично,188/adverb/D

безметежно,188/adverb/D

безнадеждно,188/adverb/D

безнравствено,188/adverb/D

безобидно,188/adverb/D

безоблачно,188/adverb/D

безопасно,188/adverb/D

безответно,188/adverb/D

безотговорно,188/adverb/D

безотказно,188/adverb/D

безотлагателно,188/adverb/D

безотрадно,188/adverb/D

безотчетно,188/adverb/D

безпаметно,188/adverb/D

безперспективно,188/adverb/D

безпланово,188/adverb/D

безплатно,188/adverb/D

безплодно,188/adverb/D

безпогрешно,188/adverb/D

безподобно,188/adverb/D

безпокойно,188/adverb/D

безполезно,188/adverb/D

безпомощно,188/adverb/D

безпорядъчно,188/adverb/D

безпочвено,188/adverb/D

безпощадно,188/adverb/D

безпределно,188/adverb/D

безпредметно,188/adverb/D

безпрекословно,188/adverb/D

безпрепятствено,188/adverb/D

безпретенциозно,188/adverb/D

безпрецедентно,188/adverb/D

безпринципно,188/adverb/D

безпристрастно,188/adverb/D

безпричинно,188/adverb/D

безприютно,188/adverb/D

безпроблемно,188/adverb/D

безпросветно,188/adverb/D

безпътно,188/adverb/D

безрадостно,188/adverb/D

безразборно,188/adverb/D

безразлично,188/adverb/D

безразсъдно,188/adverb/D

безредно,188/adverb/D

безрезервно,188/adverb/D

безрезултатно,188/adverb/D

безропотно,188/adverb/D

безсилно,188/adverb/D

безсистемно,188/adverb/D

безскрупулно,188/adverb/D

безславно,188/adverb/D

безследно,188/adverb/D

безсловесно,188/adverb/D

безсмислено,188/adverb/D

безсмъртно,188/adverb/D

безспир,188/adverb/D

безспирно,188/adverb/D

безспорно,188/adverb/D

безсрамно,188/adverb/D

безсрочно,188/adverb/D

безстопанствено,188/adverb/D

безстрастно,188/adverb/D

безстрашно,188/adverb/D

безсъвестно,188/adverb/D

безсъмнено,188/adverb/D

безсънно,188/adverb/D

безсърдечно,188/adverb/D

безупречно,188/adverb/D

безусловно,188/adverb/D

безуспешно,188/adverb/D

безутешно,188/adverb/D

безучастно,188/adverb/D

безхарактерно,188/adverb/D

безхитростно,188/adverb/D

безцветно,188/adverb/D

безценно,188/adverb/D

безчестно,188/adverb/D

безчет,188/adverb/D

безчинно,188/adverb/D

безчувствено,188/adverb/D

безшумно,188/adverb/D

бетер,188/adverb/D

бидейки,188/adverb/D

благовъзпитано,188/adverb/D

благоговейно,188/adverb/D

благодарение,188/adverb/D

благодатно,188/adverb/D

благодушно,188/adverb/D

благожелателно,188/adverb/D

благозвучно,188/adverb/D

благообразно,188/adverb/D

благополучно,188/adverb/D

благоприлично,188/adverb/D

благоприятно,188/adverb/D

благоразумно,188/adverb/D

благородно,188/adverb/D

благотворно,188/adverb/D

блажено,188/adverb/D

блазе,188/adverb/D

бледно,188/adverb/D

близичко,188/adverb/D

близо,188/adverb/D

блудкаво,188/adverb/D

богоугодно,188/adverb/D

бодро,188/adverb/D

божествено,188/adverb/D

бойко,188/adverb/D

болно,188/adverb/D

бруто,188/adverb/D

будно,188/adverb/D

буйно,188/adverb/D

бурно,188/adverb/D

бърже,188/adverb/D

бързешката,188/adverb/D

бързешком,188/adverb/D

бързо,188/adverb/D

бюрократично,188/adverb/D

бясно,188/adverb/D

важно,188/adverb/D

вглъбено,188/adverb/D

вдругиден,188/adverb/D

вдън,188/adverb/D

вдъхновено,188/adverb/D

вдясно,188/adverb/D

веднага,188/adverb/D

веднаж,188/adverb/D

ведно,188/adverb/D

веднъж,188/adverb/D

ведро,188/adverb/D

вежливо,188/adverb/D

великодушно,188/adverb/D

великолепно,188/adverb/D

величаво,188/adverb/D

вероятно,188/adverb/D

вертикално,188/adverb/D

весело,188/adverb/D

ветрилообразно,188/adverb/D

вехто,188/adverb/D

вече,188/adverb/D

вечно,188/adverb/D

вечнозелено,188/adverb/D

вещо,188/adverb/D

взаимно,188/adverb/D

взискателно,188/adverb/D

видело,188/adverb/D

видно,188/adverb/D

винаги,188/adverb/D

виненочервено,188/adverb/D

виновато,188/adverb/D

виновно,188/adverb/D

виртуозно,188/adverb/D

високо,188/adverb/D

високомерно,188/adverb/D

високопарно,188/adverb/D

витлообразно,188/adverb/D

вихрено,188/adverb/D

вихром,188/adverb/D

включително,188/adverb/D

вкратце,188/adverb/D

вкупом,188/adverb/D

вкусно,188/adverb/D

вкъщи,188/adverb/D

влажно,188/adverb/D

властно,188/adverb/D

влюбено,188/adverb/D

вляво,188/adverb/D

внезапно,188/adverb/D

внимателно,188/adverb/D

внушително,188/adverb/D

водоравно,188/adverb/D

войнствено,188/adverb/D

волно,188/adverb/D

вперено,188/adverb/D

впоследствие,188/adverb/D

впрочем,188/adverb/D

враждебно,188/adverb/D

вразумително,188/adverb/D

вред,188/adverb/D

вредно,188/adverb/D

вредом,188/adverb/D

временно,188/adverb/D

все,188/adverb/D

всевластно,188/adverb/D

всеизвестно,188/adverb/D

всекидневно,188/adverb/D

всекичасно,188/adverb/D

всенародно,188/adverb/D

всеобемно,188/adverb/D

всеобхватно,188/adverb/D

всеобщо,188/adverb/D

всеотдайно,188/adverb/D

всесилно,188/adverb/D

всестранно,188/adverb/D

всецяло,188/adverb/D

вси,188/adverb/D

вследствие,188/adverb/D

встрани,188/adverb/D

всъде,188/adverb/D

всъщност,188/adverb/D

всякак,188/adverb/D

всякога,188/adverb/D

всякогаш,188/adverb/D

всякъде,188/adverb/D

всячески,188/adverb/D

вторачено,188/adverb/D

втренчено,188/adverb/D

вулгарно,188/adverb/D

вцепенено,188/adverb/D

вчера,188/adverb/D

възбудено,188/adverb/D

възбудително,188/adverb/D

въздържано,188/adverb/D

възмалко,188/adverb/D

възможно,188/adverb/D

възмутено,188/adverb/D

възмутително,188/adverb/D

възпитано,188/adverb/D

възпитателно,188/adverb/D

възстановително,188/adverb/D

възтопло,188/adverb/D

възторжено,188/adverb/D

възтъмно,188/adverb/D

възхитено,188/adverb/D

възхитително,188/adverb/D

възходящо,188/adverb/D

възчервено,188/adverb/D

възчерно,188/adverb/D

вълнесто,188/adverb/D

вълновидно,188/adverb/D

вълнообразно,188/adverb/D

вълшебно,188/adverb/D

вън,188/adverb/D

вънка,188/adverb/D

вънкашно,188/adverb/D

външно,188/adverb/D

въобще,188/adverb/D

въодушевено,188/adverb/D

въпросително,188/adverb/D

вървешката,188/adverb/D

вървешком,188/adverb/D

върло,188/adverb/D

върховно,188/adverb/D

вътре,188/adverb/D

вътрешно,188/adverb/D

гадно,188/adverb/D

галантно,188/adverb/D

галено,188/adverb/D

гальовно,188/adverb/D

где,188/adverb/D

гдето,188/adverb/D

генерално,188/adverb/D

гениално,188/adverb/D

геометрично,188/adverb/D

гиздаво,188/adverb/D

главно,188/adverb/D

главоломно,188/adverb/D

гладко,188/adverb/D

гласно,188/adverb/D

гласовито,188/adverb/D

глупаво,188/adverb/D

глухо,188/adverb/D

гневно,188/adverb/D

гнусно,188/adverb/D

говорно,188/adverb/D

годишно,188/adverb/D

годно,188/adverb/D

голословно,188/adverb/D

горделиво,188/adverb/D

гордо,188/adverb/D

горе,188/adverb/D

горещо,188/adverb/D

горкият,188/adverb/D

горко,188/adverb/D

гороломно,188/adverb/D

горчиво,188/adverb/D

гостоприемно,188/adverb/D

граматично,188/adverb/D

грамотно,188/adverb/D

грандиозно,188/adverb/D

грациозно,188/adverb/D

греховно,188/adverb/D

грешно,188/adverb/D

грижливо,188/adverb/D

грижовно,188/adverb/D

гробно,188/adverb/D

грозничко,188/adverb/D

грозно,188/adverb/D

грубо,188/adverb/D

групово,188/adverb/D

гръмко,188/adverb/D

гръмливо,188/adverb/D

гръмовито,188/adverb/D

гръмовно,188/adverb/D

гръмогласно,188/adverb/D

гъвкаво,188/adverb/D

гъвко,188/adverb/D

гърбом,188/adverb/D

гърлесто,188/adverb/D

далеко,188/adverb/D

далеч,188/adverb/D

далече,188/adverb/D

далечно,188/adverb/D

дали,188/adverb/D

далновидно,188/adverb/D

дано,188/adverb/D

даром,188/adverb/D

дваж,188/adverb/D

дважди,188/adverb/D

двойно,188/adverb/D

двойствено,188/adverb/D

двояко,188/adverb/D

двукратно,188/adverb/D

двулично,188/adverb/D

двусмислено,188/adverb/D

двустранно,188/adverb/D

де,188/adverb/D

дебело,188/adverb/D

дебнешката,188/adverb/D

дебнешком,188/adverb/D

девствено,188/adverb/D

дедуктивно,188/adverb/D

дейно,188/adverb/D

действено,188/adverb/D

действително,188/adverb/D

декларативно,188/adverb/D

деликатно,188/adverb/D

делимо,188/adverb/D

делово,188/adverb/D

демек,188/adverb/D

демократично,188/adverb/D

демонстративно,188/adverb/D

денем,188/adverb/D

денонощно,188/adverb/D

десетина,188/adverb/D

десеторно,188/adverb/D

деспотически,188/adverb/D

деспотично,188/adverb/D

дестилационно,188/adverb/D

детайлно,188/adverb/D

дефектно,188/adverb/D

диабетично,188/adverb/D

диалектически,188/adverb/D

диалектно,188/adverb/D

диалогично,188/adverb/D

диаметрално,188/adverb/D

дибидюс,188/adverb/D

диво,188/adverb/D

дидактично,188/adverb/D

диетично,188/adverb/D

динамично,188/adverb/D

дипломатически,188/adverb/D

дипломатично,188/adverb/D

директно,188/adverb/D

дискретно,188/adverb/D

дискусионно,188/adverb/D

дистанционно,188/adverb/D

дисхармонично,188/adverb/D

дисциплинирано,188/adverb/D

длъж,188/adverb/D

днес,188/adverb/D

днеска,188/adverb/D

добавъчно,188/adverb/D

доблестно,188/adverb/D

добре,188/adverb/D

добро,188/adverb/D

доброволно,188/adverb/D

добродушно,188/adverb/D

доброжелателно,188/adverb/D

доброкачествено,188/adverb/D

добросъвестно,188/adverb/D

добросърдечно,188/adverb/D

доверено,188/adverb/D

доверително,188/adverb/D

доверчиво,188/adverb/D

довечера,188/adverb/D

доволно,188/adverb/D

довчера,188/adverb/D

догматично,188/adverb/D

догодина,188/adverb/D

догоре,188/adverb/D

докато,188/adverb/D

докога,188/adverb/D

докогато,188/adverb/D

доколко,188/adverb/D

доколкото,188/adverb/D

докрай,188/adverb/D

документално,188/adverb/D

докъде,188/adverb/D

докъдето,188/adverb/D

долно,188/adverb/D

долнокачествено,188/adverb/D

долу,188/adverb/D

доникъде,188/adverb/D

донякогадоникъде,188/adverb/D

донякъде,188/adverb/D

допотопно,188/adverb/D

допълнително,188/adverb/D

досадно,188/adverb/D

досам,188/adverb/D

досега,188/adverb/D

досежно,188/adverb/D

доскоро,188/adverb/D

доскорошно,188/adverb/D

дословно,188/adverb/D

доста,188/adverb/D

достатъчно,188/adverb/D

достоверно,188/adverb/D

достойно,188/adverb/D

достъпно,188/adverb/D

досущ,188/adverb/D

дотам,188/adverb/D

дотогава,188/adverb/D

дотолкова,188/adverb/D

дотолкоз,188/adverb/D

дотук,188/adverb/D

доходно,188/adverb/D

драго,188/adverb/D

драговолно,188/adverb/D

драгоценно,188/adverb/D

драматично,188/adverb/D

драстично,188/adverb/D

дребнаво,188/adverb/D

древно,188/adverb/D

дрезгаво,188/adverb/D

дремливо,188/adverb/D

дрипаво,188/adverb/D

другаде,188/adverb/D

другиго,188/adverb/D

другиму,188/adverb/D

другояче,188/adverb/D

дружелюбно,188/adverb/D

дружно,188/adverb/D

дръзко,188/adverb/D

дръзновено,188/adverb/D

дуалистично,188/adverb/D

духовито,188/adverb/D

духовно,188/adverb/D

духом,188/adverb/D

душевно,188/adverb/D

душно,188/adverb/D

дъговидно,188/adverb/D

дъждовно,188/adverb/D

дълбоко,188/adverb/D

дълбокомислено,188/adverb/D

дълго,188/adverb/D

дълговременно,188/adverb/D

дълготрайно,188/adverb/D

дън,188/adverb/D

дъхаво,188/adverb/D

дяволито,188/adverb/D

дясно,188/adverb/D

евентуално,188/adverb/D

еволюционно,188/adverb/D

евтино,188/adverb/D

егоистично,188/adverb/D

егоцентрично,188/adverb/D

едва,188/adverb/D

едвам,188/adverb/D

единично,188/adverb/D

единно,188/adverb/D

единовластно,188/adverb/D

единодушно,188/adverb/D

единствено,188/adverb/D

еднакво,188/adverb/D

едновременно,188/adverb/D

едновремешно,188/adverb/D

едногласно,188/adverb/D

еднозвучно,188/adverb/D

еднозначно,188/adverb/D

едноименно,188/adverb/D

еднократно,188/adverb/D

еднолично,188/adverb/D

еднообразно,188/adverb/D

еднопосочно,188/adverb/D

еднородно,188/adverb/D

едностранно,188/adverb/D

едностранчиво,188/adverb/D

едноцветно,188/adverb/D

едро,188/adverb/D

ежегодно,188/adverb/D

ежедневно,188/adverb/D

ежечасно,188/adverb/D

езично,188/adverb/D

еквивалентно,188/adverb/D

екзалтирано,188/adverb/D

екзекутивно,188/adverb/D

екзотично,188/adverb/D

екливо,188/adverb/D

екскурзионно,188/adverb/D

експанзивно,188/adverb/D

експериментално,188/adverb/D

експортно,188/adverb/D

експресивно,188/adverb/D

експресионистично,188/adverb/D

екстра,188/adverb/D

екстремно,188/adverb/D

ексцентрично,188/adverb/D

еластично,188/adverb/D

елегантно,188/adverb/D

елементарно,188/adverb/D

елиптично,188/adverb/D

елитно,188/adverb/D

емоционално,188/adverb/D

емпирически,188/adverb/D

емпирично,188/adverb/D

енергично,188/adverb/D

ентусиазирано,188/adverb/D

еня,188/adverb/D

епизодично,188/adverb/D

епически,188/adverb/D

епично,188/adverb/D

еретически,188/adverb/D

еретично,188/adverb/D

ерозивно,188/adverb/D

еротично,188/adverb/D

естествено,188/adverb/D

естетически,188/adverb/D

естетично,188/adverb/D

етично,188/adverb/D

ефективно,188/adverb/D

ефектно,188/adverb/D

ефикасно,188/adverb/D

ефимерно,188/adverb/D

ефирно,188/adverb/D

ехидно,188/adverb/D

жадно,188/adverb/D

жалейно,188/adverb/D

жалко,188/adverb/D

жално,188/adverb/D

жаловито,188/adverb/D

жаловно,188/adverb/D

жалостиво,188/adverb/D

жалостно,188/adverb/D

жаргонно,188/adverb/D

жарко,188/adverb/D

жежко,188/adverb/D

желателно,188/adverb/D

женствено,188/adverb/D

жертвено,188/adverb/D

жестоко,188/adverb/D

жестокосърдечно,188/adverb/D

живително,188/adverb/D

живо,188/adverb/D

живописно,188/adverb/D

животворно,188/adverb/D

жизнено,188/adverb/D

жизнерадостно,188/adverb/D

жизнеспособно,188/adverb/D

жилаво,188/adverb/D

жлъчно,188/adverb/D

жумешката,188/adverb/D

забавително,188/adverb/D

забавно,188/adverb/D

забележимо,188/adverb/D

забележително,188/adverb/D

забъркано,188/adverb/D

завалено,188/adverb/D

заветно,188/adverb/D

завидно,188/adverb/D

завинаги,188/adverb/D

завистливо,188/adverb/D

завчас,188/adverb/D

завчера,188/adverb/D

завършено,188/adverb/D

загадъчно,188/adverb/D

заглушително,188/adverb/D

загрижено,188/adverb/D

задавено,188/adverb/D

задгробно,188/adverb/D

задето,188/adverb/D

задкулисно,188/adverb/D

заднишката,188/adverb/D

заднишком,188/adverb/D

задно,188/adverb/D

задоволително,188/adverb/D

задочно,188/adverb/D

задружно,188/adverb/D

задушевно,188/adverb/D

задушено,188/adverb/D

задушно,188/adverb/D

задълбочено,188/adverb/D

задължително,188/adverb/D

задъхано,188/adverb/D

заедно,188/adverb/D

заемообразно,188/adverb/D

заето,188/adverb/D

заинтересовано,188/adverb/D

заинтересувано,188/adverb/D

закалено,188/adverb/D

заканително,188/adverb/D

закачливо,188/adverb/D

законно,188/adverb/D

законодателно,188/adverb/D

закономерно,188/adverb/D

законосъобразно,188/adverb/D

закрито,188/adverb/D

закръглено,188/adverb/D

закътано,188/adverb/D

залисано,188/adverb/D

заложен,188/adverb/D

залудо,188/adverb/D

замечтано,188/adverb/D

замислено,188/adverb/D

заможно,188/adverb/D

замотано,188/adverb/D

замъглено,188/adverb/D

занапред,188/adverb/D

занесено,188/adverb/D

занимателно,188/adverb/D

запалително,188/adverb/D

запасено,188/adverb/D

заплашително,188/adverb/D

заплетено,188/adverb/D

запънато,188/adverb/D

заразително,188/adverb/D

заразно,188/adverb/D

заредено,188/adverb/D

засега,188/adverb/D

заслепително,188/adverb/D

заслужено,188/adverb/D

засмяно,188/adverb/D

застрашително,188/adverb/D

затова,188/adverb/D

затуй,188/adverb/D

затънтено,188/adverb/D

захласнато,188/adverb/D

зачудено,188/adverb/D

защитно,188/adverb/D

защо,188/adverb/D

защото,188/adverb/D

заядливо,188/adverb/D

звездообразно,188/adverb/D

звероподобно,188/adverb/D

звуково,188/adverb/D

звукоподражателно,188/adverb/D

звучно,188/adverb/D

звънко,188/adverb/D

звънливо,188/adverb/D

здравата,188/adverb/D

здраво,188/adverb/D

здравословно,188/adverb/D

зелено,188/adverb/D

зигзаговидно,188/adverb/D

зиме,188/adverb/D

зимъс,188/adverb/D

зимъска,188/adverb/D

златисто,188/adverb/D

зле,188/adverb/D

злобно,188/adverb/D

злободневно,188/adverb/D

зловещо,188/adverb/D

зловонно,188/adverb/D

зловредно,188/adverb/D

зложелателно,188/adverb/D

злокобно,188/adverb/D

злонамерено,188/adverb/D

злополучно,188/adverb/D

злорадо,188/adverb/D

злостно,188/adverb/D

злочесто,188/adverb/D

злъчно,188/adverb/D

змиевидно,188/adverb/D

знайно,188/adverb/D

знаменателно,188/adverb/D

знаменито,188/adverb/D

знатно,188/adverb/D

значително,188/adverb/D

знойно,188/adverb/D

зонално,188/adverb/D

зорко,188/adverb/D

зорлан,188/adverb/D

зорлем,188/adverb/D

зряло,188/adverb/D

зян,188/adverb/D

игриво,188/adverb/D

идеалистическо,188/adverb/D

идеалистично,188/adverb/D

идеално,188/adverb/D

идейно,188/adverb/D

идентично,188/adverb/D

идеологическо,188/adverb/D

идеологично,188/adverb/D

идилично,188/adverb/D

идиоматично,188/adverb/D

изведнъж,188/adverb/D

известно,188/adverb/D

извеяно,188/adverb/D

извисоко,188/adverb/D

извратено,188/adverb/D

извънмерно,188/adverb/D

извънредно,188/adverb/D

извътре,188/adverb/D

изгодно,188/adverb/D

издалеч,188/adverb/D

издалече,188/adverb/D

издръжливо,188/adverb/D

издълбоко,188/adverb/D

издъно,188/adverb/D

издържано,188/adverb/D

изискано,188/adverb/D

изключая,188/adverb/D

изключено,188/adverb/D

изключително,188/adverb/D

изкупително,188/adverb/D

изкусително,188/adverb/D

изкусно,188/adverb/D

изкуствено,188/adverb/D

изкъсо,188/adverb/D

излеко,188/adverb/D

излишно,188/adverb/D

излиятелно,188/adverb/D

измамливо,188/adverb/D

изменчиво,188/adverb/D

изморено,188/adverb/D

изнапред,188/adverb/D

изначално,188/adverb/D

изначало,188/adverb/D

изневиделица,188/adverb/D

изниско,188/adverb/D

изобилно,188/adverb/D

изобщо,188/adverb/D

изолирано,188/adverb/D

изопачено,188/adverb/D

изотгоре,188/adverb/D

изотдолу,188/adverb/D

изотзад,188/adverb/D

изпитателно,188/adverb/D

изпомежду,188/adverb/D

изпърво,188/adverb/D

изразително,188/adverb/D

изрично,188/adverb/D

изрядно,188/adverb/D

изтежко,188/adverb/D

източно,188/adverb/D

изтънчено,188/adverb/D

изумено,188/adverb/D

изумително,188/adverb/D

изхабено,188/adverb/D

изцъклено,188/adverb/D

изцяло,188/adverb/D

изчерпателно,188/adverb/D

изюдено,188/adverb/D

изящно,188/adverb/D

икономично,188/adverb/D

илюзорно,188/adverb/D

имагинерно,188/adverb/D

имен,188/adverb/D

именно,188/adverb/D

импозантно,188/adverb/D

импортно,188/adverb/D

импровизирано,188/adverb/D

импулсивно,188/adverb/D

инак,188/adverb/D

иначе,188/adverb/D

индивидуалистично,188/adverb/D

индивидуално,188/adverb/D

индиферентно,188/adverb/D

индуктивно,188/adverb/D

индукционно,188/adverb/D

индустриално,188/adverb/D

инертно,188/adverb/D

инкогнито,188/adverb/D

инкубационно,188/adverb/D

иносказателно,188/adverb/D

инспекционно,188/adverb/D

инструктивно,188/adverb/D

интелектуално,188/adverb/D

интелигентно,188/adverb/D

интензивно,188/adverb/D

интересно,188/adverb/D

интернационално,188/adverb/D

интерпарламентарно,188/adverb/D

интимно,188/adverb/D

интуитивно,188/adverb/D

инфекциозно,188/adverb/D

информационно,188/adverb/D

инцидентно,188/adverb/D

ирационално,188/adverb/D

иронично,188/adverb/D

искрено,188/adverb/D

истерично,188/adverb/D

истинно,188/adverb/D

истинската,188/adverb/D

йерархично,188/adverb/D

кадифено,188/adverb/D

кадърно,188/adverb/D

как,188/adverb/D

какво,188/adverb/D

както,188/adverb/D

кално,188/adverb/D

калпаво,188/adverb/D

камерно,188/adverb/D

капитално,188/adverb/D

капризно,188/adverb/D

кариеристично,188/adverb/D

карикатурно,188/adverb/D

картинно,188/adverb/D

катастрофално,188/adverb/D

категорично,188/adverb/D

кахърно,188/adverb/D

качествено,188/adverb/D

киселинно,188/adverb/D

кисело,188/adverb/D

класово,188/adverb/D

книжно,188/adverb/D

коварно,188/adverb/D

кога,188/adverb/D

когато,188/adverb/D

кокетливо,188/adverb/D

кокетно,188/adverb/D

колебливо,188/adverb/D

колегиално,188/adverb/D

колективно,188/adverb/D

коленопреклонно,188/adverb/D

количествено,188/adverb/D

колко,188/adverb/D

колкото,188/adverb/D

колчем,188/adverb/D

комай,188/adverb/D

комично,188/adverb/D

компактно,188/adverb/D

компетентно,188/adverb/D

компромисно,188/adverb/D

комфортно,188/adverb/D

конвенционално,188/adverb/D

конвулсивно,188/adverb/D

конкретно,188/adverb/D

консервативно,188/adverb/D

конспективно,188/adverb/D

конспектно,188/adverb/D

конституционно,188/adverb/D

контрабандно,188/adverb/D

контрастно,188/adverb/D

конфузно,188/adverb/D

концентрично,188/adverb/D

кооперативно,188/adverb/D

коравосърдечно,188/adverb/D

коректно,188/adverb/D

коренно,188/adverb/D

користно,188/adverb/D

косвено,188/adverb/D

косо,188/adverb/D

кощунствено,188/adverb/D

крадешката,188/adverb/D

крадешком,188/adverb/D

крадливо,188/adverb/D

крайно,188/adverb/D

красиво,188/adverb/D

красноречиво,188/adverb/D

кратко,188/adverb/D

кратковременно,188/adverb/D

краткосрочно,188/adverb/D

краткотрайно,188/adverb/D

крачешката,188/adverb/D

крачешком,188/adverb/D

крепко,188/adverb/D

кресливо,188/adverb/D

крехко,188/adverb/D

криво,188/adverb/D

кривогледо,188/adverb/D

кристално,188/adverb/D

критично,188/adverb/D

кротко,188/adverb/D

кръвно,188/adverb/D

кръвожадно,188/adverb/D

кръгло,188/adverb/D

кръстато,188/adverb/D

кръстовидно,188/adverb/D

кръстообразно,188/adverb/D

кръшно,188/adverb/D

културно,188/adverb/D

купом,188/adverb/D

кухо,188/adverb/D

куцешком,188/adverb/D

къде,188/adverb/D

където,188/adverb/D

късичко,188/adverb/D

късно,188/adverb/D

късо,188/adverb/D

кьораво,188/adverb/D

лазешката,188/adverb/D

лазешком,188/adverb/D

лакомо,188/adverb/D

лаконично,188/adverb/D

ласкаво,188/adverb/D

ласкателно,188/adverb/D

латентно,188/adverb/D

легално,188/adverb/D

ледено,188/adverb/D

лежешката,188/adverb/D

лежешком,188/adverb/D

лекичко,188/adverb/D

лековерно,188/adverb/D

лекомислено,188/adverb/D

леконравно,188/adverb/D

лекоподвижно,188/adverb/D

лекоумно,188/adverb/D

лениво,188/adverb/D

ленно,188/adverb/D

лесно,188/adverb/D

леснодостъпно,188/adverb/D

лете,188/adverb/D

лечебно,188/adverb/D

лигаво,188/adverb/D

лично,188/adverb/D

ловко,188/adverb/D

логично,188/adverb/D

лошо,188/adverb/D

лошокачествено,188/adverb/D

лоялно,188/adverb/D

лудешката,188/adverb/D

лудо,188/adverb/D

лукаво,188/adverb/D

луксозно,188/adverb/D

лъжовно,188/adverb/D

лъкатушно,188/adverb/D

лъчезарно,188/adverb/D

любвеобилно,188/adverb/D

любезно,188/adverb/D

любовно,188/adverb/D

любознателно,188/adverb/D

любопитно,188/adverb/D

лятос,188/adverb/D

лятоска,188/adverb/D

мажорно,188/adverb/D

мазно,188/adverb/D

макар,188/adverb/D

максимално,188/adverb/D

малко,188/adverb/D

малограмотно,188/adverb/D

малодушно,188/adverb/D

маниерно,188/adverb/D

масивно,188/adverb/D

масово,188/adverb/D

материалистично,188/adverb/D

машинално,188/adverb/D

междувременно,188/adverb/D

меко,188/adverb/D

мекушаво,188/adverb/D

меланхолично,188/adverb/D

меланхолно,188/adverb/D

мелодично,188/adverb/D

мелодраматично,188/adverb/D

методично,188/adverb/D

механично,188/adverb/D

мецосопрано,188/adverb/D

мечтателно,188/adverb/D

мигновено,188/adverb/D

мигом,188/adverb/D

мижешката,188/adverb/D

мижешком,188/adverb/D

мизерно,188/adverb/D

микро,188/adverb/D

мило,188/adverb/D

милозливо,188/adverb/D

милостиво,188/adverb/D

мимоходом,188/adverb/D

мини,188/adverb/D

минимално,188/adverb/D

мирно,188/adverb/D

миролюбиво,188/adverb/D

мислено,188/adverb/D

мистериозно,188/adverb/D

мистично,188/adverb/D

миш-маш,188/adverb/D

много,188/adverb/D

многогласно,188/adverb/D

многото,188/adverb/D

множко,188/adverb/D

модернистично,188/adverb/D

модерно,188/adverb/D

модно,188/adverb/D

моему,188/adverb/D

молитвено,188/adverb/D

моментално,188/adverb/D

монотонно,188/adverb/D

морално,188/adverb/D

морно,188/adverb/D

мощно,188/adverb/D

мрачно,188/adverb/D

мръкнало,188/adverb/D

мръсно,188/adverb/D

мудно,188/adverb/D

музикално,188/adverb/D

мъгляво,188/adverb/D

мъдро,188/adverb/D

мъжделиво,188/adverb/D

мълниеносно,188/adverb/D

мълчаливо,188/adverb/D

мълчешката,188/adverb/D

мълчешком,188/adverb/D

мързеливо,188/adverb/D

мързи,188/adverb/D

мътно,188/adverb/D

мъчително,188/adverb/D

мъчно,188/adverb/D

наблизко,188/adverb/D

наблизо,188/adverb/D

наблюдателно,188/adverb/D

набожно,188/adverb/D

набърже,188/adverb/D

набързо,188/adverb/D

наведено,188/adverb/D

наведнъж,188/adverb/D

навеки,188/adverb/D

нависоко,188/adverb/D

навред,188/adverb/D

навреме,188/adverb/D

навременно,188/adverb/D

навремето,188/adverb/D

навръх,188/adverb/D

навсякъде,188/adverb/D

навън,188/adverb/D

навънка,188/adverb/D

навъсено,188/adverb/D

навътре,188/adverb/D

навярно,188/adverb/D

наглава,188/adverb/D

наглед,188/adverb/D

нагледно,188/adverb/D

нагло,188/adverb/D

нагоре,188/adverb/D

наготово,188/adverb/D

нагъсто,188/adverb/D

надалеко,188/adverb/D

надалеч,188/adverb/D

надалече,188/adverb/D

надве,188/adverb/D

надвечер,188/adverb/D

надеждно,188/adverb/D

надзърна,188/adverb/D

надлежно,188/adverb/D

надлъж,188/adverb/D

надлъжно,188/adverb/D

надменно,188/adverb/D

наднормено,188/adverb/D

надолу,188/adverb/D

надуто,188/adverb/D

надълбоко,188/adverb/D

надълго,188/adverb/D

надясно,188/adverb/D

наедно,188/adverb/D

наежено,188/adverb/D

назад,188/adverb/D

назаем,188/adverb/D

наздраве,188/adverb/D

назидателно,188/adverb/D

наивно,188/adverb/D

наизуст,188/adverb/D

наистина,188/adverb/D

най-вече,188/adverb/D

наказателно,188/adverb/D

наклонено,188/adverb/D

накрак,188/adverb/D

накратко,188/adverb/D

накрая,188/adverb/D

накриво,188/adverb/D

накръст,188/adverb/D

накуп,188/adverb/D

накъде,188/adverb/D

накъдето,188/adverb/D

накъсо,188/adverb/D

належащо,188/adverb/D

налице,188/adverb/D

налично,188/adverb/D

наложително,188/adverb/D

налудничаво,188/adverb/D

наляво,188/adverb/D

наместо,188/adverb/D

намръщено,188/adverb/D

нанагоре,188/adverb/D

нанагорно,188/adverb/D

нанадолно,188/adverb/D

нанадолу,188/adverb/D

наново,188/adverb/D

нанякъде,188/adverb/D

наоколо,188/adverb/D

наопаки,188/adverb/D

напевно,188/adverb/D

наперено,188/adverb/D

напето,188/adverb/D

наполовин,188/adverb/D

наполовина,188/adverb/D

напоследък,188/adverb/D

напосоки,188/adverb/D

направо,188/adverb/D

напразно,188/adverb/D

напрегнато,188/adverb/D

напред,188/adverb/D

напреки,188/adverb/D

напречно,188/adverb/D

например,188/adverb/D

напролет,188/adverb/D

напротив,188/adverb/D

напряко,188/adverb/D

напук,188/adverb/D

напусто,188/adverb/D

напълно,188/adverb/D

наравно,188/adverb/D

наред,188/adverb/D

нарочно,188/adverb/D

наръки,188/adverb/D

нарядко,188/adverb/D

насам,188/adverb/D

насаме,188/adverb/D

насетне,188/adverb/D

насила,188/adverb/D

насилствено,188/adverb/D

наскоро,188/adverb/D

наслука,188/adverb/D

наслуки,188/adverb/D

насмалко,188/adverb/D

насреща,188/adverb/D

настойчиво,188/adverb/D

настоятелно,188/adverb/D

настояще,188/adverb/D

настоящем,188/adverb/D

настрана,188/adverb/D

настрани,188/adverb/D

настъпателно,188/adverb/D

настървено,188/adverb/D

насън,188/adverb/D

насъне,188/adverb/D

насъщно,188/adverb/D

натам,188/adverb/D

нататък,188/adverb/D

натегнато,188/adverb/D

натруфено,188/adverb/D

натъжено,188/adverb/D

натъртено,188/adverb/D

натясно,188/adverb/D

наум,188/adverb/D

научно,188/adverb/D

нахално,188/adverb/D

находчиво,188/adverb/D

национално,188/adverb/D

нацупено,188/adverb/D

нацяло,188/adverb/D

начело,188/adverb/D

начесто,188/adverb/D

начисто,188/adverb/D

начумерено,188/adverb/D

нашир,188/adverb/D

нашироко,188/adverb/D

нащрек,188/adverb/D

наяве,188/adverb/D

наясно,188/adverb/D

неблагодарно,188/adverb/D

неблагоприятно,188/adverb/D

неблагоразумно,188/adverb/D

неблаготворно,188/adverb/D

неблагочестиво,188/adverb/D

небрежно,188/adverb/D

неведнъж,188/adverb/D

невежливо,188/adverb/D

невероятно,188/adverb/D

невесело,188/adverb/D

невинаги,188/adverb/D

невинно,188/adverb/D

невнимателно,188/adverb/D

неволно,188/adverb/D

невредимо,188/adverb/D

невъздържано,188/adverb/D

невъзможно,188/adverb/D

невъзмутимо,188/adverb/D

невъобразимо,188/adverb/D

негативно,188/adverb/D

негласно,188/adverb/D

неглиже,188/adverb/D

негостолюбиво,188/adverb/D

негостоприемно,188/adverb/D

неграмотно,188/adverb/D

недалеко,188/adverb/D

недалеч,188/adverb/D

недалече,188/adverb/D

недалновидно,188/adverb/D

недействително,188/adverb/D

неделикатно,188/adverb/D

неделимо,188/adverb/D

недисциплинирано,188/adverb/D

недобре,188/adverb/D

недоброжелателно,188/adverb/D

недоброкачествено,188/adverb/D

недобросъвестно,188/adverb/D

недоверчиво,188/adverb/D

недоволно,188/adverb/D

недоловимо,188/adverb/D

недопустимо,188/adverb/D

недостатъчно,188/adverb/D

недостоверно,188/adverb/D

недраго,188/adverb/D

недружелюбно,188/adverb/D

нееднократно,188/adverb/D

неефикасно,188/adverb/D

нежелателно,188/adverb/D

нежно,188/adverb/D

незабавно,188/adverb/D

незабележимо,188/adverb/D

незабелязано,188/adverb/D

незавидно,188/adverb/D

независимо,188/adverb/D

незадоволително,188/adverb/D

незаличимо,188/adverb/D

нездравословно,188/adverb/D

незлобиво,188/adverb/D

незнайно,188/adverb/D

неизбежно,188/adverb/D

неизвестно,188/adverb/D

неизгодно,188/adverb/D

неизказано,188/adverb/D

неизменно,188/adverb/D

неизмеримо,188/adverb/D

неизмерно,188/adverb/D

неизразимо,188/adverb/D

неизтощимо,188/adverb/D

неизчерпателно,188/adverb/D

неистово,188/adverb/D

нейде,188/adverb/D

некадърно,188/adverb/D

некачествено,188/adverb/D

некомпетентно,188/adverb/D

некрасиво,188/adverb/D

некултурно,188/adverb/D

нелегално,188/adverb/D

нелепо,188/adverb/D

неловко,188/adverb/D

нелогично,188/adverb/D

нелоялно,188/adverb/D

нелюбезно,188/adverb/D

немалко,188/adverb/D

немарливо,188/adverb/D

немедлено,188/adverb/D

немилостиво,188/adverb/D

немилосърдно,188/adverb/D

неминуемо,188/adverb/D

немирно,188/adverb/D

немирство,188/adverb/D

немислимо,188/adverb/D

немного,188/adverb/D

немножко,188/adverb/D

неморално,188/adverb/D

ненадейно,188/adverb/D

ненапълно,188/adverb/D

ненарушимо,188/adverb/D

ненаситно,188/adverb/D

ненаучно,188/adverb/D

ненормално,188/adverb/D

ненужно,188/adverb/D

необикновено,188/adverb/D

необичайно,188/adverb/D

необосновано,188/adverb/D

необуздано,188/adverb/D

необхватно,188/adverb/D

необщително,188/adverb/D

необяснимо,188/adverb/D

неограничено,188/adverb/D

неодобрително,188/adverb/D

неокончателно,188/adverb/D

неопитно,188/adverb/D

неоправдано,188/adverb/D

неопровержимо,188/adverb/D

неорганизирано,188/adverb/D

неоснователно,188/adverb/D

неоспоримо,188/adverb/D

неосъществимо,188/adverb/D

неотвратимо,188/adverb/D

неотдавна,188/adverb/D

неотклонно,188/adverb/D

неотложно,188/adverb/D

неотлъчно,188/adverb/D

неотменимо,188/adverb/D

неотменно,188/adverb/D

неотразимо,188/adverb/D

неотстъпно,188/adverb/D

неотстъпчиво,188/adverb/D

неофициално,188/adverb/D

неохотно,188/adverb/D

неочаквано,188/adverb/D

непогрешимо,188/adverb/D

неподвижно,188/adverb/D

неподправено,188/adverb/D

неподражаемо,188/adverb/D

непоклатимо,188/adverb/D

непоколебимо,188/adverb/D

неполитично,188/adverb/D

непоносимо,188/adverb/D

непонятно,188/adverb/D

непоправимо,188/adverb/D

непорочно,188/adverb/D

непорядъчно,188/adverb/D

непосилно,188/adverb/D

непоследователно,188/adverb/D

непосредно,188/adverb/D

непостижимо,188/adverb/D

непохватно,188/adverb/D

непочтено,188/adverb/D

неправдоподобно,188/adverb/D

неправилно,188/adverb/D

неправомерно,188/adverb/D

непрактично,188/adverb/D

непреведено,188/adverb/D

непрегледно,188/adverb/D

непредвидено,188/adverb/D

непредвидливо,188/adverb/D

непреднамерено,188/adverb/D

непредпазливо,188/adverb/D

непредубедено,188/adverb/D

непредумишлено,188/adverb/D

непреклонно,188/adverb/D

непрекъснато,188/adverb/D

непременно,188/adverb/D

непреодолимо,188/adverb/D

непрестанно,188/adverb/D

непресторено,188/adverb/D

непретенциозно,188/adverb/D

неприветливо,188/adverb/D

неприветно,188/adverb/D

неприемливо,188/adverb/D

неприлично,188/adverb/D

непримиримо,188/adverb/D

непринадлежащо,188/adverb/D

непристойно,188/adverb/D

неприятно,188/adverb/D

непробудно,188/adverb/D

непроветрено,188/adverb/D

непрогледно,188/adverb/D

непростимо,188/adverb/D

непрофесионално,188/adverb/D

непроходимо,188/adverb/D

непълно,188/adverb/D

непълноценно,188/adverb/D

неравно,188/adverb/D

неравнодушно,188/adverb/D

неравномерно,188/adverb/D

неравностойно,188/adverb/D

нерадостно,188/adverb/D

неразбрано,188/adverb/D

неразлъчно,188/adverb/D

неразривно,188/adverb/D

неразрушимо,188/adverb/D

неразсъдливо,188/adverb/D

неразумно,188/adverb/D

нерационално,188/adverb/D

нервно,188/adverb/D

нервозно,188/adverb/D

нереално,188/adverb/D

нередно,188/adverb/D

нередовно,188/adverb/D

нерешително,188/adverb/D

нерядко,188/adverb/D

несвойствено,188/adverb/D

несговорливо,188/adverb/D

несговорно,188/adverb/D

несговорчиво,188/adverb/D

несдържано,188/adverb/D

несериозно,188/adverb/D

несигурно,188/adverb/D

несиметрично,188/adverb/D

несистематично,188/adverb/D

несистемно,188/adverb/D

нескопосно,188/adverb/D

нескромно,188/adverb/D

несломимо,188/adverb/D

неслучайно,188/adverb/D

несмело,188/adverb/D

несмутимо,188/adverb/D

несносно,188/adverb/D

неспециализирано,188/adverb/D

неспирно,188/adverb/D

неспокойно,188/adverb/D

несполучливо,188/adverb/D

несравнено,188/adverb/D

несравнимо,188/adverb/D

несръчно,188/adverb/D

нестабилно,188/adverb/D

нестандартно,188/adverb/D

нестройно,188/adverb/D

несъвместимо,188/adverb/D

несъгласувано,188/adverb/D

несъзвучно,188/adverb/D

несъзнателно,188/adverb/D

несъизмеримо,188/adverb/D

несъкрушимо,188/adverb/D

несъмнено,188/adverb/D

несъществено,188/adverb/D

нетактично,188/adverb/D

нетолерантно,188/adverb/D

неточно,188/adverb/D

нетрайно,188/adverb/D

нетърпеливо,188/adverb/D

нетърпимо,188/adverb/D

неубедително,188/adverb/D

неуверено,188/adverb/D

неувяхващо,188/adverb/D

неугасимо,188/adverb/D

неугледно,188/adverb/D

неугодно,188/adverb/D

неудобно,188/adverb/D

неудовлетворително,188/adverb/D

неудържимо,188/adverb/D

неузнаваемо,188/adverb/D

неукротимо,188/adverb/D

неуловимо,188/adverb/D

неумерено,188/adverb/D

неуместно,188/adverb/D

неумолимо,188/adverb/D

неуморимо,188/adverb/D

неуморно,188/adverb/D

неусетно,188/adverb/D

неуспешно,188/adverb/D

неустрашимо,188/adverb/D

неутешимо,188/adverb/D

неутолимо,188/adverb/D

неутрално,188/adverb/D

неучтиво,188/adverb/D

неуязвимо,188/adverb/D

неформално,188/adverb/D

нехайно,188/adverb/D

нехарактерно,188/adverb/D

нехармонично,188/adverb/D

нехигиенично,188/adverb/D

нечакано,188/adverb/D

нечестиво,188/adverb/D

нечестно,188/adverb/D

нечетливо,188/adverb/D

нечисто,188/adverb/D

нечистоплътно,188/adverb/D

нечовечно,188/adverb/D

нечувано,188/adverb/D

нещастно,188/adverb/D

нещичко,188/adverb/D

неявно,188/adverb/D

неясно,188/adverb/D

нивга,188/adverb/D

низко,188/adverb/D

нийде,188/adverb/D

никак,188/adverb/D

никога,188/adverb/D

никъде,188/adverb/D

ниско,188/adverb/D

нисше,188/adverb/D

ничком,188/adverb/D

нищичко,188/adverb/D

нищо,188/adverb/D

нищожно,188/adverb/D

номинално,188/adverb/D

нонстоп,188/adverb/D

нормално,188/adverb/D

нощем,188/adverb/D

нощеска,188/adverb/D

нравствено,188/adverb/D

нужно,188/adverb/D

нявга,188/adverb/D

някак,188/adverb/D

някога,188/adverb/D

няколко,188/adverb/D

някъде,188/adverb/D

няма,188/adverb/D

обаче,188/adverb/D

обаятелно,188/adverb/D

обвинително,188/adverb/D

обединително,188/adverb/D

обезателно,188/adverb/D

обезпокоително,188/adverb/D

обезсърчително,188/adverb/D

обективистично,188/adverb/D

обективно,188/adverb/D

обидно,188/adverb/D

обикновено,188/adverb/D

обилно,188/adverb/D

обичайно,188/adverb/D

облачно,188/adverb/D

облекчително,188/adverb/D

обмислено,188/adverb/D

ободрително,188/adverb/D

обосновано,188/adverb/D

обособено,188/adverb/D

образцово,188/adverb/D

обратно,188/adverb/D

обременително,188/adverb/D

обстойно,188/adverb/D

обширно,188/adverb/D

общовалидно,188/adverb/D

объркано,188/adverb/D

обяснимо,188/adverb/D

овреме,188/adverb/D

овчедушно,188/adverb/D

оглушително,188/adverb/D

огниво,188/adverb/D

огорчено,188/adverb/D

ограничено,188/adverb/D

огромно,188/adverb/D

одве,188/adverb/D

одеве,188/adverb/D

одобрително,188/adverb/D

одухотворено,188/adverb/D

ожесточено,188/adverb/D

оживено,188/adverb/D

оживително,188/adverb/D

озадачено,188/adverb/D

оздравително,188/adverb/D

озлобено,188/adverb/D

ококорено,188/adverb/D

околовръст,188/adverb/D

окончателно,188/adverb/D

окръжно,188/adverb/D

окумуш,188/adverb/D

окуражително,188/adverb/D

омразно,188/adverb/D

онлайн,188/adverb/D

опаки,188/adverb/D

опасно,188/adverb/D

оперативно,188/adverb/D

опечалено,188/adverb/D

описателно,188/adverb/D

опитно,188/adverb/D

опиянително,188/adverb/D

опозиционно,188/adverb/D

определено,188/adverb/D

оптимистично,188/adverb/D

опустошително,188/adverb/D

опърпано,188/adverb/D

организирано,188/adverb/D

оригинално,188/adverb/D

ориентировъчно,188/adverb/D

ортодоксално,188/adverb/D

осведомително,188/adverb/D

освежително,188/adverb/D

осезателно,188/adverb/D

оскърбено,188/adverb/D

оскърбително,188/adverb/D

ослепително,188/adverb/D

основателно,188/adverb/D

основно,188/adverb/D

особено,188/adverb/D

остро,188/adverb/D

остроумно,188/adverb/D

осъдително,188/adverb/D

отблизо,188/adverb/D

отбранително,188/adverb/D

отведнъж,188/adverb/D

отвесно,188/adverb/D

ответно,188/adverb/D

отвисоко,188/adverb/D

отвлечено,188/adverb/D

отвличане,188/adverb/D

отворено,188/adverb/D

отвратително,188/adverb/D

отвред,188/adverb/D

отвсякъде,188/adverb/D

отвъд,188/adverb/D

отвън,188/adverb/D

отвънка,188/adverb/D

отвътре,188/adverb/D

отгде,188/adverb/D

отгдето,188/adverb/D

отговорно,188/adverb/D

отгоре,188/adverb/D

отдавна,188/adverb/D

отдалеко,188/adverb/D

отдалеч,188/adverb/D

отдалече,188/adverb/D

отдалечено,188/adverb/D

отде,188/adverb/D

отделено,188/adverb/D

отделно,188/adverb/D

отдето,188/adverb/D

отдолу,188/adverb/D

отдясно,188/adverb/D

отегчено,188/adverb/D

отегчително,188/adverb/D

отзад,188/adverb/D

отзаран,188/adverb/D

отзарана,188/adverb/D

отзивчиво,188/adverb/D

откак,188/adverb/D

откакто,188/adverb/D

откога,188/adverb/D

откогато,188/adverb/D

отколе,188/adverb/D

отколкото,188/adverb/D

открито,188/adverb/D

откровено,188/adverb/D

откъде,188/adverb/D

откъдето,188/adverb/D

откъслечно,188/adverb/D

откъснато,188/adverb/D

отляво,188/adverb/D

отмерено,188/adverb/D

отмъстително,188/adverb/D

отнапред,188/adverb/D

отначало,188/adverb/D

отневиделица,188/adverb/D

отнейде,188/adverb/D

отнигде,188/adverb/D

отникъде,188/adverb/D

отново,188/adverb/D

относително,188/adverb/D

относно,188/adverb/D

отнякъде,188/adverb/D

отпосле,188/adverb/D

отпред,188/adverb/D

отпреди,188/adverb/D

отпуснато,188/adverb/D

отпърво,188/adverb/D

отрадно,188/adverb/D

отрано,188/adverb/D

отрезвително,188/adverb/D

отривисто,188/adverb/D

отрицателно,188/adverb/D

отровно,188/adverb/D

отръки,188/adverb/D

отсам,188/adverb/D

отсега,188/adverb/D

отсетне,188/adverb/D

отсечено,188/adverb/D

отскоро,188/adverb/D

отсреща,188/adverb/D

отстрана,188/adverb/D

отстранено,188/adverb/D

отстрани,188/adverb/D

отстъпателно,188/adverb/D

отстъпчиво,188/adverb/D

оттам,188/adverb/D

оттатък,188/adverb/D

оттогава,188/adverb/D

оттук,188/adverb/D

отчасти,188/adverb/D

отчаяно,188/adverb/D

отчетливо,188/adverb/D

отчуждено,188/adverb/D

отърва,188/adverb/D

отявлено,188/adverb/D

офанзивно,188/adverb/D

официално,188/adverb/D

офлайн,188/adverb/D

оформено,188/adverb/D

охолно,188/adverb/D

охотно,188/adverb/D

очаквателно,188/adverb/D

очарователно,188/adverb/D

очебийно,188/adverb/D

очевидно,188/adverb/D

още,188/adverb/D

пагубно,188/adverb/D

пак,188/adverb/D

пакостно,188/adverb/D

паметно,188/adverb/D

параболично,188/adverb/D

парадно,188/adverb/D

парадоксално,188/adverb/D

паразитно,188/adverb/D

паралелно,188/adverb/D

патетично,188/adverb/D

патриархално,188/adverb/D

патриотично,188/adverb/D

педантично,188/adverb/D

перверзно,188/adverb/D

периодично,188/adverb/D

перманентно,188/adverb/D

перпендикулярно,188/adverb/D

перспективно,188/adverb/D

перфектно,188/adverb/D

песимистично,188/adverb/D

пестеливо,188/adverb/D

печално,188/adverb/D

печено,188/adverb/D

пеш,188/adverb/D

пеша,188/adverb/D

пешком,188/adverb/D

пиано,188/adverb/D

пипкаво,188/adverb/D

пипнешката,188/adverb/D

пипнешком,188/adverb/D

пирамидално,188/adverb/D

писмено,188/adverb/D

пищно,188/adverb/D

плавно,188/adverb/D

пладне,188/adverb/D

пламенно,188/adverb/D

планово,188/adverb/D

пластично,188/adverb/D

платонично,188/adverb/D

плачейки,188/adverb/D

плачешката,188/adverb/D

плачешком,188/adverb/D

плачливо,188/adverb/D

плашливо,188/adverb/D

пленително,188/adverb/D

плитко,188/adverb/D

плиткоумно,188/adverb/D

плитък,188/adverb/D

плодотворно,188/adverb/D

плоско,188/adverb/D

плъзгаво,188/adverb/D

плътно,188/adverb/D

победно,188/adverb/D

победоносно,188/adverb/D

повелително,188/adverb/D

поверително,188/adverb/D

повествователно,188/adverb/D

повече,188/adverb/D

повечето,188/adverb/D

повечко,188/adverb/D

повсеместно,188/adverb/D

повторно,188/adverb/D

повърхностно,188/adverb/D

погнусено,188/adverb/D

поголовно,188/adverb/D

погребално,188/adverb/D

погрешка,188/adverb/D

погрешно,188/adverb/D

подвижно,188/adverb/D

подготвително,188/adverb/D

подигравателно,188/adverb/D

подир,188/adverb/D

подире,188/adverb/D

подкожно,188/adverb/D

подло,188/adverb/D

подмолно,188/adverb/D

подобаващо,188/adverb/D

подобно,188/adverb/D

подозрително,188/adverb/D

подоходно,188/adverb/D

подред,188/adverb/D

подробно,188/adverb/D

подръка,188/adverb/D

подсъдно,188/adverb/D

подсъзнателно,188/adverb/D

подходно,188/adverb/D

подходящо,188/adverb/D

поединично,188/adverb/D

поетично,188/adverb/D

позорно,188/adverb/D

поименно,188/adverb/D

показно,188/adverb/D

покварено,188/adverb/D

покорно,188/adverb/D

покровителствено,188/adverb/D

покъртено,188/adverb/D

покъртително,188/adverb/D

полегато,188/adverb/D

полезно,188/adverb/D

полека,188/adverb/D

полекичка,188/adverb/D

полечка,188/adverb/D

поликлинично,188/adverb/D

политично,188/adverb/D

полифонично,188/adverb/D

полово,188/adverb/D

положително,188/adverb/D

полуавтоматично,188/adverb/D

полубезпомощно,188/adverb/D

полугласно,188/adverb/D

полуграмотно,188/adverb/D

полумесечно,188/adverb/D

полусъзнателно,188/adverb/D

полусънно,188/adverb/D

полушеговито,188/adverb/D

помирително,188/adverb/D

помощно,188/adverb/D

понастоящем,188/adverb/D

поначало,188/adverb/D

поне,188/adverb/D

понеже,188/adverb/D

понявга,188/adverb/D

понякога,188/adverb/D

поотделно,188/adverb/D

попресилено,188/adverb/D

популярно,188/adverb/D

поразително,188/adverb/D

поред,188/adverb/D

поривисто,188/adverb/D

порочно,188/adverb/D

порядъчно,188/adverb/D

после,188/adverb/D

последователно,188/adverb/D

пословично,188/adverb/D

послушно,188/adverb/D

посмъртно,188/adverb/D

посредствено,188/adverb/D

посредством,188/adverb/D

постепенно,188/adverb/D

постно,188/adverb/D

постоянно,188/adverb/D

постскриптум,188/adverb/D

постфактум,188/adverb/D

постъпателно,188/adverb/D

потайно,188/adverb/D

потребно,188/adverb/D

поучително,188/adverb/D

похвално,188/adverb/D

похватно,188/adverb/D

похотливо,188/adverb/D

почетно,188/adverb/D

почтено,188/adverb/D

почти,188/adverb/D

почтително,188/adverb/D

почуда,188/adverb/D

пояснително,188/adverb/D

правдиво,188/adverb/D

правдолюбиво,188/adverb/D

правдоподобно,188/adverb/D

праведно,188/adverb/D

правилно,188/adverb/D

правичката,188/adverb/D

правоверно,188/adverb/D

праволинейно,188/adverb/D

правомерно,188/adverb/D

правописно,188/adverb/D

прагматично,188/adverb/D

празнично,188/adverb/D

празно,188/adverb/D

практично,188/adverb/D

пребогато,188/adverb/D

превантивно,188/adverb/D

превзето,188/adverb/D

превратно,188/adverb/D

превъзходно,188/adverb/D

прегледно,188/adverb/D

предано,188/adverb/D

предварително,188/adverb/D

предвзето,188/adverb/D

предвид,188/adverb/D

предвидливо,188/adverb/D

пределно,188/adverb/D

преди,188/adverb/D

предиво,188/adverb/D

предивременно,188/adverb/D

предизвикателно,188/adverb/D

предикативно,188/adverb/D

предимно,188/adverb/D

преднамерено,188/adverb/D

предоволно,188/adverb/D

предостатъчно,188/adverb/D

предпазително,188/adverb/D

предпазливо,188/adverb/D

предприемчиво,188/adverb/D

предсмъртно,188/adverb/D

предсрочно,188/adverb/D

предумишлено,188/adverb/D

предупредително,188/adverb/D

преждевременно,188/adverb/D

презглава,188/adverb/D

презрително,188/adverb/D

преимуществено,188/adverb/D

преиначено,188/adverb/D

прекалено,188/adverb/D

прекомерно,188/adverb/D

прекрасно,188/adverb/D

прелестно,188/adverb/D

прелъстително,188/adverb/D

премного,188/adverb/D

премъдро,188/adverb/D

пренебрежително,188/adverb/D

препоръчано,188/adverb/D

пресекливо,188/adverb/D

пресилено,188/adverb/D

прескъпо,188/adverb/D

пресметливо,188/adverb/D

преспокойно,188/adverb/D

престорено,188/adverb/D

престъпно,188/adverb/D

претенциозно,188/adverb/D

префърцунено,188/adverb/D

прехласнато,188/adverb/D

прецизно,188/adverb/D

приблизително,188/adverb/D

прибързано,188/adverb/D

приветливо,188/adverb/D

приветно,188/adverb/D

приветствено,188/adverb/D

привечер,188/adverb/D

привидно,188/adverb/D

привично,188/adverb/D

привлекателно,188/adverb/D

привременно,188/adverb/D

придирчиво,188/adverb/D

приживе,188/adverb/D

признателно,188/adverb/D

призори,188/adverb/D

призрачно,188/adverb/D

приказно,188/adverb/D

прикрито,188/adverb/D

прилежно,188/adverb/D

прилепчиво,188/adverb/D

прилично,188/adverb/D

примамливо,188/adverb/D

примамно,188/adverb/D

примерно,188/adverb/D

примирено,188/adverb/D

примирително,188/adverb/D

примитивно,188/adverb/D

принизено,188/adverb/D

принудително,188/adverb/D

принципиално,188/adverb/D

принципно,188/adverb/D

припряно,188/adverb/D

присмехулно,188/adverb/D

приспивателно,188/adverb/D

приспивно,188/adverb/D

пристойно,188/adverb/D

пристрастно,188/adverb/D

присърце,188/adverb/D

притаено,188/adverb/D

притворно,188/adverb/D

притеснено,188/adverb/D

притеснително,188/adverb/D

причудливо,188/adverb/D

приятно,188/adverb/D

провинциално,188/adverb/D

провлечено,188/adverb/D

провокационно,188/adverb/D

прогресивно,188/adverb/D

продължително,188/adverb/D

прозаично,188/adverb/D

произволно,188/adverb/D

пронизително,188/adverb/D

проникновено,188/adverb/D

проницателно,188/adverb/D

пропорционално,188/adverb/D

прословуто,188/adverb/D

простено,188/adverb/D

простимо,188/adverb/D

простичко,188/adverb/D

просто,188/adverb/D

простовато,188/adverb/D

простодушно,188/adverb/D

просторно,188/adverb/D

простосърдечно,188/adverb/D

пространно,188/adverb/D

просълзено,188/adverb/D

протегнато,188/adverb/D

противно,188/adverb/D

противозаконно,188/adverb/D

противоположно,188/adverb/D

противоречиво,188/adverb/D

проточено,188/adverb/D

професионално,188/adverb/D

прохладно,188/adverb/D

процентно,188/adverb/D

прочее,188/adverb/D

прочие,188/adverb/D

прочувствено,188/adverb/D

пръснато,188/adverb/D

псевдо,188/adverb/D

психично,188/adverb/D

психо,188/adverb/D

публично,188/adverb/D

пустинно,188/adverb/D

пусто,188/adverb/D

пъклено,188/adverb/D

пълзешката,188/adverb/D

пълзешком,188/adverb/D

пълно,188/adverb/D

пълновластно,188/adverb/D

пълноводно,188/adverb/D

пълнозвучно,188/adverb/D

пълнокръвно,188/adverb/D

пълномощно,188/adverb/D

пълноценно,188/adverb/D

първично,188/adverb/D

първобитно,188/adverb/D

първоначално,188/adverb/D

пъргаво,188/adverb/D

пъстро,188/adverb/D

пътем,188/adverb/D

пъти,188/adverb/D

пътьом,188/adverb/D

раболепно,188/adverb/D

раван,188/adverb/D

равно,188/adverb/D

равнодушно,188/adverb/D

равнозначно,188/adverb/D

равномерно,188/adverb/D

равноправно,188/adverb/D

равносилно,188/adverb/D

радиално,188/adverb/D

радикално,188/adverb/D

радиоактивно,188/adverb/D

радостно,188/adverb/D

радушно,188/adverb/D

разбрано,188/adverb/D

развратно,188/adverb/D

развълнувано,188/adverb/D

разгневено,188/adverb/D

разгорещено,188/adverb/D

разгулно,188/adverb/D

раздразнено,188/adverb/D

разкошно,188/adverb/D

разкрачено,188/adverb/D

различно,188/adverb/D

разлютено,188/adverb/D

размерено,188/adverb/D

размерно,188/adverb/D

размирно,188/adverb/D

разнежено,188/adverb/D

разногласно,188/adverb/D

разностранно,188/adverb/D

разочаровано,188/adverb/D

разпалено,188/adverb/D

разпръснато,188/adverb/D

разрушително,188/adverb/D

разсеяно,188/adverb/D

разслабително,188/adverb/D

разстроено,188/adverb/D

разсъдително,188/adverb/D

разсъдливо,188/adverb/D

разсъдъчно,188/adverb/D

разсърдено,188/adverb/D

разтегнато,188/adverb/D

разточително,188/adverb/D

разтревожено,188/adverb/D

разтреперано,188/adverb/D

разумно,188/adverb/D

разхайтено,188/adverb/D

разхвърляно,188/adverb/D

разчленено,188/adverb/D

разюздано,188/adverb/D

разярено,188/adverb/D

рано,188/adverb/D

растениевидно,188/adverb/D

рационално,188/adverb/D

рачешката,188/adverb/D

реакционно,188/adverb/D

реалистично,188/adverb/D

реално,188/adverb/D

ребром,188/adverb/D

ревниво,188/adverb/D

ревностно,188/adverb/D

революционно,188/adverb/D

регресивно,188/adverb/D

редно,188/adverb/D

редовно,188/adverb/D

редом,188/adverb/D

резервирано,188/adverb/D

резливо,188/adverb/D

резонно,188/adverb/D

резултатно,188/adverb/D

рекордно,188/adverb/D

релативно,188/adverb/D

релефно,188/adverb/D

рентабилно,188/adverb/D

респективно,188/adverb/D

ретроспективно,188/adverb/D

решително,188/adverb/D

рисковано,188/adverb/D

ритмично,188/adverb/D

риторично,188/adverb/D

ритуално,188/adverb/D

родом,188/adverb/D

романтично,188/adverb/D

ръкописно,188/adverb/D

ръчно,188/adverb/D

рядко,188/adverb/D

рязко,188/adverb/D

садистично,188/adverb/D

само,188/adverb/D

самовластно,188/adverb/D

самоволно,188/adverb/D

самодоволно,188/adverb/D

самоинициативно,188/adverb/D

самокритично,188/adverb/D

самолюбиво,188/adverb/D

самонадеяно,188/adverb/D

самоотвержено,188/adverb/D

самородно,188/adverb/D

саморъчно,188/adverb/D

самостойно,188/adverb/D

самостоятелно,188/adverb/D

самотно,188/adverb/D

самоуверено,188/adverb/D

самоцелно,188/adverb/D

сантиментално,188/adverb/D

саркастично,188/adverb/D

сатирично,188/adverb/D

сбито,188/adverb/D

сбогом,188/adverb/D

сборно,188/adverb/D

свадливо,188/adverb/D

свежо,188/adverb/D

свенливо,188/adverb/D

светкавично,188/adverb/D

свето,188/adverb/D

светозарно,188/adverb/D

свидливо,188/adverb/D

свидно,188/adverb/D

свирепо,188/adverb/D

свито,188/adverb/D

свише,188/adverb/D

свободно,188/adverb/D

своеволно,188/adverb/D

своевременно,188/adverb/D

своему,188/adverb/D

своенравно,188/adverb/D

своеобразно,188/adverb/D

свойствено,188/adverb/D

свръхестествено,188/adverb/D

свръхсрочно,188/adverb/D

свръхчувствително,188/adverb/D

свъсено,188/adverb/D

свято,188/adverb/D

сговорно,188/adverb/D

сгъстено,188/adverb/D

сдавено,188/adverb/D

сдружено,188/adverb/D

сдържано,188/adverb/D

себе,188/adverb/D

себично,188/adverb/D

северно,188/adverb/D

северозападно,188/adverb/D

североизточно,188/adverb/D

сега,188/adverb/D

сегиз,188/adverb/D

сегинка,188/adverb/D

сегичка,188/adverb/D

седмично,188/adverb/D

сезонно,188/adverb/D

секретно,188/adverb/D

секси,188/adverb/D

семейно,188/adverb/D

семпло,188/adverb/D

сензационно,188/adverb/D

сепнато,188/adverb/D

сервилно,188/adverb/D

серийно,188/adverb/D

сериозно,188/adverb/D

сетивно,188/adverb/D

сетне,188/adverb/D

сиво,188/adverb/D

сигурно,188/adverb/D

силно,188/adverb/D

силом,188/adverb/D

символно,188/adverb/D

симетрично,188/adverb/D

симптоматично,188/adverb/D

синтетично,188/adverb/D

сипкаво,188/adverb/D

сиротно,188/adverb/D

систематично,188/adverb/D

системно,188/adverb/D

ситно,188/adverb/D

сияйно,188/adverb/D

скандално,188/adverb/D

скапано,188/adverb/D

скверно,188/adverb/D

скептично,188/adverb/D

скокливо,188/adverb/D

скокообразно,188/adverb/D

сконфузено,188/adverb/D

скопосно,188/adverb/D

скоро,188/adverb/D

скоропостижно,188/adverb/D

скоростно,188/adverb/D

скритом,188/adverb/D

скришно,188/adverb/D

скришом,188/adverb/D

скромно,188/adverb/D

скръбно,188/adverb/D

скучно,188/adverb/D

скъпо,188/adverb/D

слабо,188/adverb/D

слабоволно,188/adverb/D

славно,188/adverb/D

сладко,188/adverb/D

сладкогласно,188/adverb/D

сладкодумно,188/adverb/D

сладкозвучно,188/adverb/D

сладостно,188/adverb/D

сладострастно,188/adverb/D

сластно,188/adverb/D

следобед,188/adverb/D

следователно,188/adverb/D

слепешката,188/adverb/D

слепешком,188/adverb/D

слисано,188/adverb/D

словесно,188/adverb/D

словом,188/adverb/D

словоохотливо,188/adverb/D

сложно,188/adverb/D

сломено,188/adverb/D

служебно,188/adverb/D

случайно,188/adverb/D

смахнато,188/adverb/D

смаяно,188/adverb/D

смешно,188/adverb/D

смирено,188/adverb/D

смислено,188/adverb/D

смотолевено,188/adverb/D

смрадно,188/adverb/D

смръщено,188/adverb/D

смутено,188/adverb/D

смутно,188/adverb/D

смълчано,188/adverb/D

смъртоносно,188/adverb/D

смътно,188/adverb/D

снизходително,188/adverb/D

снишено,188/adverb/D

сносно,188/adverb/D

снощи,188/adverb/D

собствено,188/adverb/D

собственоръчно,188/adverb/D

солено,188/adverb/D

солидарно,188/adverb/D

солидно,188/adverb/D

соло,188/adverb/D

сопнато,188/adverb/D

социално,188/adverb/D

социологично,188/adverb/D

спазматично,188/adverb/D

спестовно,188/adverb/D

специално,188/adverb/D

специфично,188/adverb/D

спешно,188/adverb/D

спирално,188/adverb/D

спираловидно,188/adverb/D

спиралообразно,188/adverb/D

сплашено,188/adverb/D

сплетено,188/adverb/D

сплотено,188/adverb/D

спогодително,188/adverb/D

спокойно,188/adverb/D

сполучливо,188/adverb/D

спомагателно,188/adverb/D

спонтанно,188/adverb/D

спорадично,188/adverb/D

спорно,188/adverb/D

спортно,188/adverb/D

справедливо,188/adverb/D

спретнато,188/adverb/D

спънато,188/adverb/D

сравнително,188/adverb/D

срамежливо,188/adverb/D

срамливо,188/adverb/D

срамно,188/adverb/D

срамотно,188/adverb/D

сребристо,188/adverb/D

средно,188/adverb/D

среднощ,188/adverb/D

срещуположно,188/adverb/D

сродно,188/adverb/D

срочно,188/adverb/D

сръчно,188/adverb/D

стабилно,188/adverb/D

стаено,188/adverb/D

стандартно,188/adverb/D

старателно,188/adverb/D

старешката,188/adverb/D

старинно,188/adverb/D

старомодно,188/adverb/D

старому,188/adverb/D

статично,188/adverb/D

стационарно,188/adverb/D

стегнато,188/adverb/D

стереотипно,188/adverb/D

стерилно,188/adverb/D

стеснено,188/adverb/D

стеснително,188/adverb/D

стига,188/adverb/D

стилно,188/adverb/D

стихийно,188/adverb/D

стоешком,188/adverb/D

стократно,188/adverb/D

стопроцентово,188/adverb/D

странно,188/adverb/D

страстно,188/adverb/D

страхливо,188/adverb/D

страховито,188/adverb/D

страхотно,188/adverb/D

страшно,188/adverb/D

стремглаво,188/adverb/D

стремително,188/adverb/D

стреснато,188/adverb/D

стриктно,188/adverb/D

строго,188/adverb/D

стройно,188/adverb/D

стръвно,188/adverb/D

стръмно,188/adverb/D

студено,188/adverb/D

стълбовидно,188/adverb/D

субективно,188/adverb/D

суеверно,188/adverb/D

суетливо,188/adverb/D

суетно,188/adverb/D

сума,188/adverb/D

сумарно,188/adverb/D

сумрачно,188/adverb/D

сурово,188/adverb/D

сухо,188/adverb/D

сухопътно,188/adverb/D

сферично,188/adverb/D

схематично,188/adverb/D

сходно,188/adverb/D

схоластично,188/adverb/D

сценично,188/adverb/D

съблазнително,188/adverb/D

съболезнователно,188/adverb/D

съвестно,188/adverb/D

съвещателно,188/adverb/D

съвкупно,188/adverb/D

съвместно,188/adverb/D

съвременно,188/adverb/D

съвсем,188/adverb/D

съвършено,188/adverb/D

съгласно,188/adverb/D

съгласувано,188/adverb/D

съдбовно,188/adverb/D

съдбоносно,188/adverb/D

съдебно,188/adverb/D

съдържателно,188/adverb/D

съжалително,188/adverb/D

съживително,188/adverb/D

съзвучно,188/adverb/D

съзерцателно,188/adverb/D

съзидателно,188/adverb/D

съзнателно,188/adverb/D

съкровено,188/adverb/D

съкрушено,188/adverb/D

сълзливо,188/adverb/D

сълзотворно,188/adverb/D

съмнало,188/adverb/D

съмнително,188/adverb/D

сънено,188/adverb/D

сънливо,188/adverb/D

сънно,188/adverb/D

сънотворно,188/adverb/D

съобразително,188/adverb/D

съобразно,188/adverb/D

съответно,188/adverb/D

съотносително,188/adverb/D

съпричастно,188/adverb/D

съразмерно,188/adverb/D

сърдечно,188/adverb/D

сърдито,188/adverb/D

сърповидно,188/adverb/D

сърцато,188/adverb/D

сърцевидно,188/adverb/D

сърцераздирателно,188/adverb/D

съседно,188/adverb/D

съсипателно,188/adverb/D

съсредоточено,188/adverb/D

състезателно,188/adverb/D

състои,188/adverb/D

състоятелно,188/adverb/D

състрадателно,188/adverb/D

съчувствено,188/adverb/D

същевременно,188/adverb/D

съществено,188/adverb/D

също,188/adverb/D

сюжетно,188/adverb/D

сякаш,188/adverb/D

тавтологично,188/adverb/D

тайно,188/adverb/D

тайнствено,188/adverb/D

така,188/adverb/D

тактично,188/adverb/D

талантливо,188/adverb/D

там,188/adverb/D

таман,188/adverb/D

татък,188/adverb/D

твърде,188/adverb/D

твърдо,188/adverb/D

театрално,188/adverb/D

тежко,188/adverb/D

тезисно,188/adverb/D

текстуално,188/adverb/D

телеграфически,188/adverb/D

телеграфично,188/adverb/D

телеграфно,188/adverb/D

телепатично,188/adverb/D

тематично,188/adverb/D

темпераментно,188/adverb/D

темпово,188/adverb/D

тенденциозно,188/adverb/D

теоретически,188/adverb/D

теоретично,188/adverb/D

тепърва,188/adverb/D

терасовидно,188/adverb/D

териториално,188/adverb/D

терористично,188/adverb/D

тесногръдо,188/adverb/D

типично,188/adverb/D

тиранично,188/adverb/D

тихичко,188/adverb/D

тихо,188/adverb/D

тихомълком,188/adverb/D

тичайки,188/adverb/D

тичешката,188/adverb/D

тичешком,188/adverb/D

тлъсто,188/adverb/D

тогава,188/adverb/D

тогиз,188/adverb/D

тозчас,188/adverb/D

току,188/adverb/D

толерантно,188/adverb/D

толкова,188/adverb/D

толкоз,188/adverb/D

топло,188/adverb/D

тотално,188/adverb/D

точно,188/adverb/D

трагикомично,188/adverb/D

традиционно,188/adverb/D

трайно,188/adverb/D

тракционно,188/adverb/D

транзитно,188/adverb/D

траурно,188/adverb/D

тревожно,188/adverb/D

трезво,188/adverb/D

трепетно,188/adverb/D

трескаво,188/adverb/D

третостепенно,188/adverb/D

тривиално,188/adverb/D

трикратно,188/adverb/D

триумфално,188/adverb/D

трогателно,188/adverb/D

тройно,188/adverb/D

тромаво,188/adverb/D

троснато,188/adverb/D

трудно,188/adverb/D

трудолюбиво,188/adverb/D

тук,188/adverb/D

тука,188/adverb/D

тутакси,188/adverb/D

туткаво,188/adverb/D

тщеславно,188/adverb/D

тъдява,188/adverb/D

тъжно,188/adverb/D

тъжовно,188/adverb/D

тъй,188/adverb/D

тъкмо,188/adverb/D

тъмно,188/adverb/D

тънко,188/adverb/D

тъпо,188/adverb/D

тържествено,188/adverb/D

търпеливо,188/adverb/D

търчешката,188/adverb/D

търчешком,188/adverb/D

тътрешком,188/adverb/D

тягостно,188/adverb/D

тялом,188/adverb/D

убедено,188/adverb/D

убедително,188/adverb/D

убийствено,188/adverb/D

убито,188/adverb/D

уважително,188/adverb/D

уверено,188/adverb/D

увещателно,188/adverb/D

увлекателно,188/adverb/D

увлечено,188/adverb/D

углавно,188/adverb/D

угледно,188/adverb/D

угнетено,188/adverb/D

угодливо,188/adverb/D

угодно,188/adverb/D

угрижено,188/adverb/D

ударно,188/adverb/D

удвоено,188/adverb/D

удивено,188/adverb/D

удивително,188/adverb/D

удобно,188/adverb/D

удовлетворително,188/adverb/D

уединено,188/adverb/D

ужасно,188/adverb/D

указно,188/adverb/D

уклончиво,188/adverb/D

укорително,188/adverb/D

укорно,188/adverb/D

ултимативно,188/adverb/D

ултравиолетово,188/adverb/D

умело,188/adverb/D

умерено,188/adverb/D

уместно,188/adverb/D

умилено,188/adverb/D

умилително,188/adverb/D

умилно,188/adverb/D

умислено,188/adverb/D

умишлено,188/adverb/D

умната,188/adverb/D

умно,188/adverb/D

умозрително,188/adverb/D

умолително,188/adverb/D

умоляващо,188/adverb/D

уморено,188/adverb/D

уморително,188/adverb/D

унесено,188/adverb/D

универсално,188/adverb/D

унизително,188/adverb/D

унило,188/adverb/D

унищожително,188/adverb/D

упадъчно,188/adverb/D

уплашено,188/adverb/D

упоително,188/adverb/D

упойно,188/adverb/D

упорито,188/adverb/D

упорно,188/adverb/D

уравновесено,188/adverb/D

уредено,188/adverb/D

уредно,188/adverb/D

уречено,188/adverb/D

уродливо,188/adverb/D

уроки,188/adverb/D

усамотено,188/adverb/D

усилено,188/adverb/D

усилно,188/adverb/D

ускорено,188/adverb/D

ускорително,188/adverb/D

условно,188/adverb/D

услужливо,188/adverb/D

усмихнато,188/adverb/D

усойно,188/adverb/D

успешно,188/adverb/D

успокоително,188/adverb/D

успоредно,188/adverb/D

уставно,188/adverb/D

установено,188/adverb/D

устно,188/adverb/D

устойчиво,188/adverb/D

устремено,188/adverb/D

устремно,188/adverb/D

усърдно,188/adverb/D

утвърдително,188/adverb/D

утешително,188/adverb/D

утопично,188/adverb/D

утре,188/adverb/D

учтиво,188/adverb/D

ушно,188/adverb/D

уютно,188/adverb/D

уязвимо,188/adverb/D

фабрично,188/adverb/D

факултативно,188/adverb/D

фалшиво,188/adverb/D

фамилиарно,188/adverb/D

фамилно,188/adverb/D

фанатично,188/adverb/D

фантастично,188/adverb/D

фатално,188/adverb/D

феерично,188/adverb/D

феноменално,188/adverb/D

фигуративно,188/adverb/D

физиологично,188/adverb/D

фиктивно,188/adverb/D

формалистично,188/adverb/D

формално,188/adverb/D

формено,188/adverb/D

фрагментарно,188/adverb/D

франко,188/adverb/D

фрапантно,188/adverb/D

френетично,188/adverb/D

фронтално,188/adverb/D

функционално,188/adverb/D

халосано,188/adverb/D

халтаво,188/adverb/D

хаотично,188/adverb/D

хапливо,188/adverb/D

характерно,188/adverb/D

хармоническо,188/adverb/D

хармонично,188/adverb/D

харно,188/adverb/D

хвалебно,188/adverb/D

хвърчешката,188/adverb/D

хвърчешком,188/adverb/D

херметично,188/adverb/D

хигиенично,188/adverb/D

химерично,188/adverb/D

хиперболично,188/adverb/D

хипнотично,188/adverb/D

хипотетично,188/adverb/D

хитро,188/adverb/D

хищно,188/adverb/D

хлабаво,188/adverb/D

хладно,188/adverb/D

ходом,188/adverb/D

хоризонтално,188/adverb/D

хорово,188/adverb/D

храбро,188/adverb/D

хрипкаво,188/adverb/D

хрипливо,188/adverb/D

хрисимо,188/adverb/D

хронично,188/adverb/D

хронологично,188/adverb/D

хубавичко,188/adverb/D

хубаво,188/adverb/D

художествено,188/adverb/D

хуманистично,188/adverb/D

хуманно,188/adverb/D

хумористично,188/adverb/D

царствено,188/adverb/D

цветисто,188/adverb/D

цветущо,188/adverb/D

целебно,188/adverb/D

целенасочено,188/adverb/D

целесъобразно,188/adverb/D

целеустремено,188/adverb/D

целително,188/adverb/D

целокупно,188/adverb/D

целомъдрено,188/adverb/D

ценно,188/adverb/D

централно,188/adverb/D

центростремително,188/adverb/D

церемониално,188/adverb/D

церемонно,188/adverb/D

цивилно,188/adverb/D

циклично,188/adverb/D

цинично,188/adverb/D

цифром,188/adverb/D

цялостно,188/adverb/D

чаровно,188/adverb/D

чародейно,188/adverb/D

частично,188/adverb/D

частно,188/adverb/D

чевръсто,188/adverb/D

чепато,188/adverb/D

черно,188/adverb/D

честито,188/adverb/D

честно,188/adverb/D

често,188/adverb/D

честолюбиво,188/adverb/D

чет,188/adverb/D

четворно,188/adverb/D

четливо,188/adverb/D

чинно,188/adverb/D

числено,188/adverb/D

чисто,188/adverb/D

чистоплътно,188/adverb/D

чистосърдечно,188/adverb/D

човечно,188/adverb/D

чрезмерно,188/adverb/D

чувствено,188/adverb/D

чувствително,188/adverb/D

чудато,188/adverb/D

чудесно,188/adverb/D

чудно,188/adverb/D

чудновато,188/adverb/D

чудовищно,188/adverb/D

чудодейно,188/adverb/D

чудотворно,188/adverb/D

чуждо,188/adverb/D

чупливо,188/adverb/D

чутно,188/adverb/D

шаблонно,188/adverb/D

шавливо,188/adverb/D

шантаво,188/adverb/D

шахматно,188/adverb/D

шеговито,188/adverb/D

шеметно,188/adverb/D

шепнейки,188/adverb/D

шепнешката,188/adverb/D

шепнешком,188/adverb/D

шепотно,188/adverb/D

шесторно,188/adverb/D

шик,188/adverb/D

шикозно,188/adverb/D

широко,188/adverb/D

шумно,188/adverb/D

щастливо,188/adverb/D

щателно,188/adverb/D

щедро,188/adverb/D

щекотливо,188/adverb/D

щом,188/adverb/D

щото,188/adverb/D

щураво,188/adverb/D

щурмови,188/adverb/D

ъглесто,188/adverb/D

ъгловато,188/adverb/D

юбилейно,188/adverb/D

югозападно,188/adverb/D

югоизточно,188/adverb/D

южно,188/adverb/D

юначно,188/adverb/D

юруш,188/adverb/D

яваш,188/adverb/D

явно,188/adverb/D

ядно,188/adverb/D

ядовито,188/adverb/D

ядосано,188/adverb/D

язвително,188/adverb/D

яката,188/adverb/D

яко,188/adverb/D

ярко,188/adverb/D

яростно,188/adverb/D

ясно,188/adverb/D

А,189/conjunction/C

ако,189/conjunction/C

ала,189/conjunction/C

ама,189/conjunction/C

ами,189/conjunction/C

да,189/conjunction/C

дето,189/conjunction/C

и,189/conjunction/C

или,189/conjunction/C

като,189/conjunction/C

ни,189/conjunction/C

нито,189/conjunction/C

но,189/conjunction/C

па,189/conjunction/C

пък,189/conjunction/C

та,189/conjunction/C

то,189/conjunction/C

ту,189/conjunction/C

хем,189/conjunction/C

че,189/conjunction/C

я,189/conjunction/C

ай,190/interjection/I

ало,190/interjection/I

апропо,190/interjection/I

ах,190/interjection/I

аха,190/interjection/I

бау,190/interjection/I

благодаря,190/interjection/I

боже,190/interjection/I

божичко,190/interjection/I

божке,190/interjection/I

браво,190/interjection/I

варда,190/interjection/I

вардааа,190/interjection/I

всуе,190/interjection/I

гол,190/interjection/I

джав,190/interjection/I

дий,190/interjection/I

довиждане,190/interjection/I

дум,190/interjection/I

думба,190/interjection/I

еврика,190/interjection/I

ех,190/interjection/I

здравей,190/interjection/I

здравейте,190/interjection/I

здрасти,190/interjection/I

знам,190/interjection/I

кръгом,190/interjection/I

куку,190/interjection/I

кукуригу,190/interjection/I

кюта,190/interjection/I

лумба,190/interjection/I

майчице,190/interjection/I

мерси,190/interjection/I

мила,190/interjection/I

минтири,190/interjection/I

млък,190/interjection/I

моля,190/interjection/I

момко,190/interjection/I

мушу,190/interjection/I

мър,190/interjection/I

наздраве,190/interjection/I

нани,190/interjection/I

оле,190/interjection/I

олеле,190/interjection/I

ох,190/interjection/I

пардон,190/interjection/I

пата,190/interjection/I

пляс,190/interjection/I

пуф,190/interjection/I

пух,190/interjection/I

пфу,190/interjection/I

разгеле,190/interjection/I

сакън,190/interjection/I

сполай,190/interjection/I

супер,190/interjection/I

так,190/interjection/I

тик,190/interjection/I

тинтири,190/interjection/I

трак,190/interjection/I

тряс,190/interjection/I

туп,190/interjection/I

уви,190/interjection/I

ура,190/interjection/I

уф,190/interjection/I

ух,190/interjection/I

хи,190/interjection/I

хм,190/interjection/I

хоп,190/interjection/I

цап,190/interjection/I

чао,190/interjection/I

чук,190/interjection/I

шляп,190/interjection/I

шушу,190/interjection/I

щрак,190/interjection/I

язък,190/interjection/I

а,191/articles/T

але,191/articles/T

ама,191/articles/T

ами,191/articles/T

анджак,191/articles/T

аха,191/articles/T

ба,191/articles/T

бе,191/articles/T

беки,191/articles/T

белки,191/articles/T

белким,191/articles/T

би,191/articles/T

божем,191/articles/T

бозна,191/articles/T

бре,191/articles/T

брей,191/articles/T

волю,191/articles/T

врели,191/articles/T

гаче,191/articles/T

гиди,191/articles/T

годе,191/articles/T

да,191/articles/T

даже,191/articles/T

дори,191/articles/T

еди,191/articles/T

ей,191/articles/T

ето,191/articles/T

зер,191/articles/T

и,191/articles/T

именно,191/articles/T

кешки,191/articles/T

ки,191/articles/T

ле,191/articles/T

леле,191/articles/T

ли,191/articles/T

ма,191/articles/T

май,191/articles/T

мари,191/articles/T

ми,191/articles/T

мигар,191/articles/T

мори,191/articles/T

му,191/articles/T

на,191/articles/T

надали,191/articles/T

най,191/articles/T

нали,191/articles/T

например,191/articles/T

не,191/articles/T

неволю,191/articles/T

невям,191/articles/T

негли,191/articles/T

недей,191/articles/T

нейсе,191/articles/T

нека,191/articles/T

некипели,191/articles/T

немай,191/articles/T

нещяло,191/articles/T

ни,191/articles/T

нима,191/articles/T

нито,191/articles/T

о,191/articles/T

ой,191/articles/T

па,191/articles/T

по,191/articles/T

пък,191/articles/T

санким,191/articles/T

се,191/articles/T

си,191/articles/T

сиреч,191/articles/T

те,191/articles/T

ти,191/articles/T

тоест,191/articles/T

уж,191/articles/T

ужким,191/articles/T

ха,191/articles/T

хай,191/articles/T

хайде,191/articles/T

хе,191/articles/T

хей,191/articles/T

хем,191/articles/T

хи,191/articles/T

хий,191/articles/T

хич,191/articles/T

холан,191/articles/T

чак,191/articles/T

че,191/articles/T

чунким,191/articles/T

ще,191/articles/T

що,191/articles/T

щяло,191/articles/T

я,191/articles/T

без,192/preposition/R

в,192/preposition/R

вдън,192/preposition/R

вместо,192/preposition/R

во,192/preposition/R

връз,192/preposition/R

всред,192/preposition/R

във,192/preposition/R

въз,192/preposition/R

въпреки,192/preposition/R

върху,192/preposition/R

до,192/preposition/R

додето,192/preposition/R

докъм,192/preposition/R

допреди,192/preposition/R

досред,192/preposition/R

за,192/preposition/R

зад,192/preposition/R

заради,192/preposition/R

из,192/preposition/R

извън,192/preposition/R

иззад,192/preposition/R

измежду,192/preposition/R

изпод,192/preposition/R

изсред,192/preposition/R

като,192/preposition/R

край,192/preposition/R

към,192/preposition/R

между,192/preposition/R

на,192/preposition/R

над,192/preposition/R

накрай,192/preposition/R

наместо,192/preposition/R

наоколо,192/preposition/R

насред,192/preposition/R

низ,192/preposition/R

о,192/preposition/R

около,192/preposition/R

освен,192/preposition/R

от,192/preposition/R

открай,192/preposition/R

откъм,192/preposition/R

отсам,192/preposition/R

оттатък,192/preposition/R

под,192/preposition/R

покрай,192/preposition/R

помежду,192/preposition/R

поради,192/preposition/R

посред,192/preposition/R

пред,192/preposition/R

преди,192/preposition/R

през,192/preposition/R

при,192/preposition/R

против,192/preposition/R

пряко,192/preposition/R

с,192/preposition/R

свръх,192/preposition/R

след,192/preposition/R

според,192/preposition/R

спроти,192/preposition/R

спрямо,192/preposition/R

сред,192/preposition/R

срещу,192/preposition/R

със,192/preposition/R

у,192/preposition/R

чрез,192/preposition/R

аз,pronoun/P

мене,pronoun/P

мен,pronoun/P

на мен,pronoun/P

на мене,pronoun/P

ме,pronoun/P

ми,pronoun/P

ти,pronoun/P

тебе,pronoun/P

теб,pronoun/P

на теб,pronoun/P

на тебе,pronoun/P

те,pronoun/P

той,pronoun/P

него,pronoun/P

го,pronoun/P

на него,pronoun/P

му,pronoun/P

тя,pronoun/P

нея,pronoun/P

я,pronoun/P

на нея,pronoun/P

й,pronoun/P

то,pronoun/P

него,pronoun/P

го,pronoun/P

на него,pronoun/P

му,pronoun/P

ние,pronoun/P

ний,pronoun/P

нас,pronoun/P

ни,pronoun/P

на нас,pronoun/P

вие,pronoun/P

вий,pronoun/P

вас,pronoun/P

на вас,pronoun/P

ви,pronoun/P

те,pronoun/P

тях,pronoun/P

ги,pronoun/P

на тях,pronoun/P

им,pronoun/P

мой,pronoun/P

моя,pronoun/P

мое,pronoun/P

мои,pronoun/P

ми,pronoun/P

твой,pronoun/P

твоя,pronoun/P

твое,pronoun/P

твои,pronoun/P

ти,pronoun/P

негов,pronoun/P

негова,pronoun/P

негово,pronoun/P

негови,pronoun/P

му,pronoun/P

неин,pronoun/P

нейна,pronoun/P

нейно,pronoun/P

нейни,pronoun/P

й,pronoun/P

негов,pronoun/P

негова,pronoun/P

негово,pronoun/P

негови,pronoun/P

му,pronoun/P

наш,pronoun/P

наша,pronoun/P

наше,pronoun/P

наши,pronoun/P

ни,pronoun/P

ваш,pronoun/P

ваша,pronoun/P

ваше,pronoun/P

ваши,pronoun/P

ви,pronoun/P

техен,pronoun/P

тяхна,pronoun/P

тяхно,pronoun/P

техни,pronoun/P

им,pronoun/P

себе си,pronoun/P

се,pronoun/P

на себе си,pronoun/P

си,pronoun/P

свой,pronoun/P

своя,pronoun/P

свое,pronoun/P

свои,pronoun/P

си,pronoun/P

този,pronoun/P

тоя,pronoun/P

тази,pronoun/P

тая,pronoun/P

това,pronoun/P

туй,pronoun/P

тези,pronoun/P

тия,pronoun/P

онзи,pronoun/P

оня,pronoun/P

онази,pronoun/P

оная,pronoun/P

онова,pronoun/P

онуй,pronoun/P

онези,pronoun/P

ония,pronoun/P

такъв,pronoun/P

такава,pronoun/P

такова,pronoun/P

такива,pronoun/P

онакъв,pronoun/P

онакава,pronoun/P

онакова,pronoun/P

онакива,pronoun/P

толкова,pronoun/P

кой,pronoun/P

кого,pronoun/P

кому,pronoun/P

на кого,pronoun/P

коя,pronoun/P

кое,pronoun/P

кои,pronoun/P

кой,pronoun/P

коя,pronoun/P

кое,pronoun/P

кои,pronoun/P

какъв,pronoun/P

каква,pronoun/P

какво,pronoun/P

какви,pronoun/P

чий,pronoun/P

чия,pronoun/P

чие,pronoun/P

чии,pronoun/P

колко,pronoun/P

който,pronoun/P

когото,pronoun/P

комуто,pronoun/P

на когото,pronoun/P

която,pronoun/P

което,pronoun/P

които,pronoun/P

който,pronoun/P

която,pronoun/P

което,pronoun/P

които,pronoun/P

какъвто,pronoun/P

каквато,pronoun/P

каквото,pronoun/P

каквито,pronoun/P

чийто,pronoun/P

чиято,pronoun/P

чието,pronoun/P

чиито,pronoun/P

колкото,pronoun/P

някой,pronoun/P

някого,pronoun/P

някому,pronoun/P

на някого,pronoun/P

някоя,pronoun/P

някое,pronoun/P

някои,pronoun/P

някой,pronoun/P

някоя,pronoun/P

някое,pronoun/P

някои,pronoun/P

някакъв,pronoun/P

някаква,pronoun/P

някакво,pronoun/P

някакви,pronoun/P

нечий,pronoun/P

нечия,pronoun/P

нечие,pronoun/P

нечии,pronoun/P

няколко,pronoun/P

никой,pronoun/P

никого,pronoun/P

никому,pronoun/P

никого,pronoun/P

никоя,pronoun/P

никое,pronoun/P

никои,pronoun/P

никой,pronoun/P

нищо,pronoun/P

никоя,pronoun/P

никое,pronoun/P

никои,pronoun/P

никакъв,pronoun/P

никаква,pronoun/P

никакво,pronoun/P

никакви,pronoun/P

ничий,pronoun/P

ничия,pronoun/P

ничие,pronoun/P

ничии,pronoun/P

николко,pronoun/P

всеки,pronoun/P

всекиго,pronoun/P

всекиму,pronoun/P

на всекиго,pronoun/P

всяка,pronoun/P

всяко,pronoun/P

всички,pronoun/P

всеки,pronoun/P

всяка,pronoun/P

всяко,pronoun/P

всички,pronoun/P

всякакъв,pronoun/P

всякаква,pronoun/P

всякакво,pronoun/P

всякакви,pronoun/P

всичкия,pronoun/P

всичкият,pronoun/P

всичката,pronoun/P

всичкото,pronoun/P

всичките,pronoun/P

